<?xml version="1.0" encoding="UTF-8"?>
<project-private xmlns="http://www.netbeans.org/ns/project-private/1">
    <editor-bookmarks xmlns="http://www.netbeans.org/ns/editor-bookmarks/2" lastBookmarkId="0"/>
    <open-files xmlns="http://www.netbeans.org/ns/projectui-open-files/2">
        <group>
            <file>file:/C:/Users/ericd/OneDrive/Documentos/NetBeansProjects/CadastroAcademicoIGNoturno/src/classes/Professor.java</file>
            <file>file:/C:/Users/ericd/OneDrive/Documentos/NetBeansProjects/CadastroAcademicoIGNoturno/src/classes/Aluno.java</file>
            <file>file:/C:/Users/ericd/OneDrive/Documentos/NetBeansProjects/CadastroAcademicoIGNoturno/src/telas/TelaCadastroAluno.java</file>
            <file>file:/C:/Users/ericd/OneDrive/Documentos/NetBeansProjects/CadastroAcademicoIGNoturno/src/enums/Titulacao.java</file>
            <file>file:/C:/Users/ericd/OneDrive/Documentos/NetBeansProjects/CadastroAcademicoIGNoturno/src/main/CadastroAcademicoIGNoturno.java</file>
            <file>file:/C:/Users/ericd/OneDrive/Documentos/NetBeansProjects/CadastroAcademicoIGNoturno/src/classes/Pessoa.java</file>
        </group>
    </open-files>
</project-private>
