<?xml version="1.0" encoding="UTF-8"?>
<project-private xmlns="http://www.netbeans.org/ns/project-private/1">
    <editor-bookmarks xmlns="http://www.netbeans.org/ns/editor-bookmarks/2" lastBookmarkId="0"/>
    <open-files xmlns="http://www.netbeans.org/ns/projectui-open-files/2">
        <group>
            <file>file:/E:/ericd/OneDrive/Documentos/Novos%20Projetos/Aula5_CadastroEscola/src/classes/Professor.java</file>
            <file>file:/E:/ericd/OneDrive/Documentos/Novos%20Projetos/Aula5_CadastroEscola/src/classes/Aluno.java</file>
            <file>file:/E:/ericd/OneDrive/Documentos/Novos%20Projetos/Aula5_CadastroEscola/src/main/Aula5_CadastroEscola.java</file>
            <file>file:/E:/ericd/OneDrive/Documentos/Novos%20Projetos/Aula5_CadastroEscola/src/classes/Pessoa.java</file>
            <file>file:/E:/ericd/OneDrive/Documentos/Novos%20Projetos/Aula5_CadastroEscola/src/classes/Funcionario.java</file>
        </group>
    </open-files>
</project-private>
